id_evento,Estacion,Real_izq_der,Estimacion_izq_der,Real_distance,Estimacion_distance,Real_baz,Estimacion_baz,Distancia_Costa,costero,lat,lon
10043739_4.2,GO03,0.0,0.0,62.60986776,68.7341003417969,86.8185031400005,95.4626159667969,66.152,0.0,-27.5609,-69.6017
10045103_4.4,GO01,0.0,1.0,34.65957774,37.1165885925293,70.5744410100004,47.1195869445801,101.981,0.0,-19.5641,-68.8827
10048890_4.5,PB09,0.0,0.0,51.23933255,58.3755378723145,59.5998454817209,68.2408065795898,93.322,0.0,-21.5617,-68.8152
10271574_4.9,GO01,1.0,1.0,54.45605148,43.188850402832,298.154713,285.412017822266,101.981,0.0,-19.4358,-69.6514
10644560_4.1,PB09,0.0,0.0,70.10009622,70.4732360839844,89.2822683290308,92.6448211669922,93.322,0.0,-21.7871,-68.5641
10728722_5.0,PB09,0.0,0.0,55.04183197,73.6327590942383,42.6150675896071,64.4753265380859,93.322,0.0,-21.4302,-68.8824
10765597_4.2,PB09,0.0,0.0,77.90532782,82.9771347045898,87.3599465058015,93.5672607421875,93.322,0.0,-21.7623,-68.4895
10767967_4.7,AC02,0.0,0.0,127.4238681,113.403900146484,63.6389555599398,40.9035148620606,166.364,0.0,-26.3202,-67.9856
10944727_4.3,PB09,0.0,0.0,70.0592971,90.0429000854492,87.6416604741432,107.692695617676,93.322,0.0,-21.769,-68.5651
10993767_4.3,GO01,1.0,1.0,117.9876731,80.309928894043,210.8851964,206.008148193359,101.981,0.0,-20.5822,-69.7751
11037814_4.5,PB09,0.0,0.0,100.8443816,70.0321731567383,66.3860007511391,73.6411590576172,93.322,0.0,-21.4292,-68.3506
11051861_4.8,GO01,1.0,1.0,111.1668466,100.387191772461,351.4586979,343.291229248047,101.981,0.0,-18.6753,-69.3507
11108507_4.6,CO01,0.0,0.0,73.7889855,103.36572265625,69.2288071799997,84.8948211669922,121.188,0.0,-29.7393,-69.3807
11112614_4.2,GO01,1.0,1.0,14.31500776,35.7376670837402,275.791732799999,280.982360839844,101.981,0.0,-19.6554,-69.33
11138390_4.5,GO01,1.0,1.0,79.55302282,76.5720977783203,345.5734352,330.718353271484,101.981,0.0,-18.9724,-69.3824
11139127_4.1,PB06,0.0,0.0,64.07151995,80.5631256103516,59.2531739423566,67.9492340087891,72.813,0.0,-22.4091,-69.0371
11140459_4.1,PB09,0.0,0.0,80.95668263,79.8187408447266,69.7050157217657,73.4496612548828,93.322,0.0,-21.5412,-68.5089
11158193_4.4,GO03,0.0,0.0,94.1515193,75.5020294189453,132.4194915,125.770561218262,66.152,0.0,-28.165,-69.527
11175020_4.4,CO01,0.0,0.0,188.6297477,200.899307250977,139.2077049,148.539047241211,121.188,0.0,-31.2591,-68.8001
11189692_4.4,GO01,1.0,1.0,85.55383961,84.309944152832,351.7946379,274.329711914062,101.981,0.0,-18.9035,-69.3101
11191249_4.3,AC02,1.0,1.0,114.5575862,103.157135009766,347.428507929702,329.673950195312,166.364,0.0,-25.8261,-69.3778
11191807_4.2,GO01,1.0,1.0,83.45044942,54.9077529907227,187.5749796,174.304443359375,101.981,0.0,-20.4157,-69.2996
11205855_4.2,PB06,0.0,0.0,285.7064417,281.193878173828,129.173287294301,125.460647583008,72.813,0.0,-24.3203,-67.3899
11207847_4.1,PB06,0.0,0.0,299.347324,303.752197265625,119.968416899523,123.834480285645,72.813,0.0,-24.0355,-67.0227
11213898_4.2,PB06,0.0,0.0,334.9780826,302.631408691406,119.443103910664,120.702499389648,72.813,0.0,-24.1666,-66.7014
11214477_4.9,AC02,1.0,1.0,125.3622717,83.2473449707031,341.215582156262,335.360076904297,166.364,0.0,-25.7637,-69.5315
11214650_4.1,PB06,0.0,0.0,278.9711787,306.464996337891,99.9932974701863,120.766105651855,72.813,0.0,-23.1204,-66.8896
11220833_4.3,PB06,0.0,0.0,290.8709591,281.003173828125,124.286882058143,124.078994750977,72.813,0.0,-24.1677,-67.2071
11221480_4.2,PB06,0.0,0.0,302.5030185,290.762878417969,114.188087370497,120.269630432129,72.813,0.0,-23.8019,-66.8641
11222871_5.4,PB06,0.0,0.0,126.0284277,133.936386108398,93.9444766853681,107.236343383789,72.813,0.0,-22.7794,-68.3475
11226101_4.4,GO01,0.0,0.0,205.0656061,181.869598388672,74.1947254000001,73.4762954711914,101.981,0.0,-19.1542,-67.3185
11230142_4.8,PB06,0.0,0.0,283.2520895,296.506713867188,124.699159757274,126.084602355957,72.813,0.0,-24.1452,-67.2808
11239016_4.6,PB09,0.0,0.0,200.6896369,178.281616210938,105.501070681567,111.170433044434,93.322,0.0,-22.2701,-67.3655
11242786_4.4,PB09,0.0,0.0,73.78469806,73.7470550537109,52.8151144900422,69.1001815795898,93.322,0.0,-21.3927,-68.675
11250492_4.2,GO01,0.0,0.0,208.5779747,218.65739440918,61.9452294199999,55.6901969909668,101.981,0.0,-18.7739,-67.4484
11257187_4.4,PB09,0.0,0.0,79.9724024,85.0710067749023,64.6831183173864,63.622917175293,93.322,0.0,-21.4861,-68.5443
11261632_4.5,CO02,0.0,0.0,181.6655785,151.421157836914,111.6340452,107.476989746094,61.890,0.0,-31.7954,-69.2171
11267327_4.2,CO02,0.0,0.0,192.1271013,155.285140991211,106.3292879,104.625991821289,61.890,0.0,-31.6762,-69.0558
11272151_4.4,CO02,0.0,0.0,170.2840705,140.192581176758,101.1393708,100.512573242188,61.890,0.0,-31.4884,-69.2418
11273483_4.3,PB09,0.0,0.0,67.91306451,60.1044883728027,48.8148092364292,51.4772529602051,93.322,0.0,-21.3918,-68.749
11279322_4.1,PB18,1.0,1.0,31.80131443,90.9641418457031,265.99544285012,246.07861328125,127.726,0.0,-17.6093,-69.7789
11283029_4.3,PB06,0.0,0.0,275.0749708,299.114410400391,112.434983177715,122.86442565918,72.813,0.0,-23.6342,-67.0801
11291427_4.5,PB06,0.0,0.0,328.7733617,315.934844970703,116.836945496523,121.023666381836,72.813,0.0,-24.0198,-66.6884
11302796_4.3,PB06,0.0,0.0,312.7229294,295.710021972656,116.888650189118,125.48412322998,72.813,0.0,-23.9592,-66.8317
11306441_4.5,PB09,0.0,0.0,216.7428196,222.337966918945,59.3245022351338,81.6176071166992,93.322,0.0,-20.7881,-67.4515
11310353_4.3,PB09,0.0,0.0,290.0372433,268.541717529297,117.114237125368,110.890029907227,93.322,0.0,-22.9708,-66.7244
11314044_4.9,PB09,0.0,0.0,81.45484637,92.3044815063477,90.2069344160806,93.8040313720703,93.322,0.0,-21.7972,-68.4542
11318996_4.9,PB06,0.0,0.0,294.4333817,302.566070556641,123.544820413614,122.185180664063,72.813,0.0,-24.1565,-67.1574
11325405_4.9,CO02,0.0,0.0,197.3289207,157.614608764648,101.5029359,95.1684036254883,61.890,0.0,-31.5425,-68.9639
11329069_5.0,AC02,0.0,0.0,199.6815766,183.514572143555,115.049187010611,122.680862426758,166.364,0.0,-27.5866,-67.2969
11331410_4.2,PB09,0.0,0.0,264.3888674,242.955963134766,117.660233694192,114.820281982422,93.322,0.0,-22.8889,-66.9597
11333501_4.5,PB09,0.0,0.0,67.12852547,82.1333847045898,72.9297714844875,72.936653137207,93.322,0.0,-21.6173,-68.6221
11338619_5.3,PB06,0.0,0.0,256.6640472,244.356369018555,128.135801105534,124.578521728516,72.813,0.0,-24.1245,-67.5861
11339869_4.4,CO01,0.0,0.0,184.0456882,166.883514404297,58.34538721,56.6782646179199,121.188,0.0,-29.0961,-68.4846
11340985_4.5,PB18,1.0,1.0,85.71870703,53.9402122497559,219.8596283019,244.082809448242,127.726,0.0,-18.1833,-69.9993
11342062_4.3,PB06,0.0,0.0,304.2762022,286.477355957031,124.958812079896,134.129547119141,72.813,0.0,-24.261,-67.1163
11342373_4.2,PB09,0.0,0.0,92.99681345,83.0835494995117,142.270128016338,129.345672607422,93.322,0.0,-22.4597,-68.689
11346656_4.1,PB09,0.0,0.0,78.11586593,88.1669845581055,107.085993198419,137.518478393555,93.322,0.0,-22.0021,-68.5188
11348574_4.2,PB09,0.0,0.0,62.63280952,80.3543167114258,47.7107532084785,48.9726257324219,93.322,0.0,-21.4152,-68.795
11350432_4.5,PB06,0.0,0.0,221.0600795,235.32926940918,141.572577355957,129.480178833008,72.813,0.0,-24.2637,-68.219
11350957_4.5,GO01,1.0,1.0,104.0103769,98.2173690795898,182.3839619,188.336029052734,101.981,0.0,-20.6072,-69.2357
11355076_4.1,PB06,0.0,0.0,316.520588,293.423553466797,120.725058031765,120.16707611084,72.813,0.0,-24.1434,-66.895
11355942_4.9,PB06,0.0,0.0,89.03715284,85.1995849609375,90.2170795004901,95.6353607177734,72.813,0.0,-22.7065,-68.7053
11356264_4.2,PB09,0.0,0.0,51.89043489,60.5490379333496,118.969950594864,104.418251037598,93.322,0.0,-22.0228,-68.8022
11357409_4.3,PB06,0.0,0.0,306.4954901,292.901214599609,125.522786400732,125.780555725098,72.813,0.0,-24.2947,-67.1149
11358368_4.2,PB09,0.0,0.0,90.28512574,77.4577789306641,51.434883631986,57.5430488586426,93.322,0.0,-21.2867,-68.5616
11358461_4.3,PB09,0.0,0.0,165.2206608,173.801773071289,115.941981522884,119.995025634766,93.322,0.0,-22.4428,-67.7986
11358521_5.1,GO01,1.0,1.0,69.71524489,81.5466842651367,340.8033484,327.435394287109,101.981,0.0,-19.0736,-69.412
11361063_4.8,GO01,1.0,1.0,36.76197033,31.6525726318359,254.80901,233.618499755859,101.981,0.0,-19.7552,-69.5327
11363202_4.1,PB09,1.0,1.0,89.76736273,71.4715270996094,343.971661673551,346.337707519531,93.322,0.0,-21.017,-69.4803
11363291_4.2,PB18,1.0,1.0,109.9256628,70.3863220214844,183.214609818991,186.664596557617,127.726,0.0,-18.5811,-69.5384
11364140_4.9,PB09,0.0,0.0,55.62902247,68.9906463623047,83.4213805700523,93.4809188842774,93.322,0.0,-21.738,-68.7077
11364376_4.4,PB06,0.0,0.0,317.3935243,307.0859375,121.717543464566,127.695358276367,72.813,0.0,-24.1902,-66.9147
11365718_4.7,PB06,0.0,0.0,266.8405271,283.508392333984,122.374909404466,122.58602142334,72.813,0.0,-23.9805,-67.3575
11366873_4.8,CO02,0.0,0.0,212.0116769,221.713256835937,110.5307313,120.397201538086,61.890,0.0,-31.8572,-68.9023
11368749_4.5,PB06,0.0,0.0,292.9412099,290.574005126953,128.156933790022,127.570114135742,72.813,0.0,-24.3237,-67.3026
11369909_4.2,CO01,0.0,0.0,368.6012055,352.088897705078,126.2322168,152.587203979492,121.188,0.0,-31.9049,-66.9508
11373636_4.3,PB06,0.0,0.0,269.6518552,279.489715576172,126.955274085314,124.89754486084,72.813,0.0,-24.1554,-67.4518
11375372_4.8,PB18,1.0,1.0,127.1327345,45.2477188110352,205.028623418145,232.609649658203,127.726,0.0,-18.6296,-69.9897
11375969_4.3,AC02,0.0,0.0,250.9587667,247.272415161133,132.253753138057,133.729278564453,166.364,0.0,-28.3456,-67.2347
11377123_4.2,PB06,0.0,0.0,304.325689,302.187927246094,117.248889422933,121.077461242676,72.813,0.0,-23.9417,-66.9142
11377761_4.4,PB18,1.0,1.0,36.41540471,20.4479179382324,271.020988419354,275.420471191406,127.726,0.0,-17.5833,-69.823
11385826_4.5,PB18,1.0,1.0,35.04185709,56.9657592773438,278.388950330545,266.795043945312,127.726,0.0,-17.543,-69.8065
11385843_4.8,PB06,0.0,0.0,303.0762149,290.496398925781,124.803746063217,124.996200561523,72.813,0.0,-24.2488,-67.1216
11386159_4.1,GO01,1.0,1.0,70.78361797,78.5813674926758,344.2089059,326.234283447266,101.981,0.0,-19.0531,-69.3772
11387057_4.1,GO01,0.0,0.0,263.8382787,214.076889038086,90.1517328,70.6940536499023,101.981,0.0,-19.6572,-66.6783
11387936_4.5,PB06,0.0,0.0,291.6448469,295.368286132812,128.763383642017,126.698173522949,72.813,0.0,-24.3387,-67.3313
11390710_4.5,PB06,0.0,0.0,289.8267517,297.284484863281,122.000757997222,126.276054382324,72.813,0.0,-24.0742,-67.1551
11391729_4.6,PB09,0.0,0.0,246.352407,243.265548706055,114.719947202946,119.951507568359,93.322,0.0,-22.7123,-67.0638
11394708_4.3,PB06,0.0,0.0,304.7095033,302.736206054688,120.217950704609,129.379440307617,72.813,0.0,-24.0694,-66.9829
11395563_4.2,PB06,0.0,0.0,264.0463066,298.045593261719,100.230175174306,122.370185852051,72.813,0.0,-23.1091,-67.0352
11400427_4.9,CO02,0.0,0.0,140.2232787,118.386375427246,111.5070595,102.415077209473,61.890,0.0,-31.66,-69.6247
11405149_4.1,PB09,0.0,0.0,64.83367297,65.4516983032227,86.8930344730937,95.1935958862305,93.322,0.0,-21.7635,-68.616
11408280_4.7,PB06,0.0,0.0,101.6920612,85.2213973999023,122.981040532512,119.139549255371,72.813,0.0,-23.2035,-68.7386
11410193_4.4,PB06,0.0,0.0,85.11370748,107.239463806152,101.130305708221,130.720474243164,72.813,0.0,-22.8521,-68.7582
11411338_4.6,PB09,0.0,0.0,51.69606218,67.2580490112305,106.280722909223,108.474464416504,93.322,0.0,-21.9266,-68.7616
11417470_4.5,PB06,0.0,0.0,324.7004308,318.68505859375,117.118239381761,124.010444641113,72.813,0.0,-24.0168,-66.7313
11420634_4.3,GO01,1.0,1.0,95.20822815,87.462646484375,337.0576847,330.761260986328,101.981,0.0,-18.8761,-69.5464
11431133_4.4,PB06,0.0,0.0,286.1745572,295.182983398437,126.668733196422,125.427314758301,72.813,0.0,-24.2328,-67.3121
11436320_4.2,CO01,0.0,0.0,154.339154,175.93669128418,148.7023575,145.32307434082,121.188,0.0,-31.1642,-69.253
11436621_4.4,PB06,0.0,0.0,303.37013,296.149017333984,128.249706338807,129.352508544922,72.813,0.0,-24.3842,-67.2237
11437243_4.1,PB06,0.0,0.0,79.54665791,88.5669021606445,81.2501993676972,80.9398956298828,72.813,0.0,-22.5947,-68.8073
11439146_4.3,PB06,0.0,0.0,287.446889,290.261474609375,128.274463080899,127.176086425781,72.813,0.0,-24.2979,-67.3492
11448447_4.2,GO01,1.0,1.0,90.74690628,70.7381362915039,180.9618055,180.413314819336,101.981,0.0,-20.4881,-69.2088
11456000_4.1,GO01,1.0,1.0,83.71623179,35.4037628173828,253.3535416,268.471313476562,101.981,0.0,-19.8835,-69.9601
11456286_4.7,CO01,0.0,0.0,187.0326559,182.023376464844,131.1592797,137.670379638672,121.188,0.0,-31.0794,-68.6183
11456977_4.6,CO01,0.0,0.0,205.6176535,195.56787109375,109.5898352,115.996711730957,121.188,0.0,-30.5837,-68.0742
11473696_4.5,PB06,0.0,0.0,314.5412428,293.264251708984,122.280838676433,123.087112426758,72.813,0.0,-24.201,-66.9545
11478161_4.3,PB06,0.0,0.0,193.3711305,194.851013183594,129.113518335847,123.906341552734,72.813,0.0,-23.8005,-68.0997
11479320_4.8,PB06,0.0,0.0,304.1244424,302.426971435547,114.979157164587,117.87361907959,72.813,0.0,-23.8424,-66.8659
11479326_4.5,GO01,0.0,0.0,93.47327929,85.6075210571289,153.9443012,139.774566650391,101.981,0.0,-20.4266,-68.8008
11479412_4.4,PB06,0.0,0.0,302.2920297,296.936248779297,117.05027403083,122.456192016602,72.813,0.0,-23.9251,-66.9276
11484409_4.2,PB09,0.0,0.0,37.75340976,52.307430267334,39.3518292643596,60.0360908508301,93.322,0.0,-21.5326,-69.0108
11485104_4.3,PB06,0.0,0.0,301.7101939,293.471038818359,123.568070114988,123.529220581055,72.813,0.0,-24.1928,-67.0977
11487389_4.4,PB06,0.0,0.0,301.9738344,300.558654785156,119.51824676735,122.035034179688,72.813,0.0,-24.0282,-66.9889
11498297_4.2,PB06,0.0,0.0,286.6873785,286.897644042969,123.328897029873,128.007736206055,72.813,0.0,-24.1106,-67.2159
11500834_4.5,PB09,0.0,0.0,105.3810366,89.4308929443359,136.499248999927,131.182327270508,93.322,0.0,-22.4852,-68.537
11500899_4.6,GO01,0.0,0.0,100.5100435,77.3236236572266,172.8489595,169.263946533203,101.981,0.0,-20.5693,-69.0742
11506479_4.3,PB09,0.0,0.0,257.4483043,251.630477905273,87.6227922517231,81.2705459594727,93.322,0.0,-21.6813,-66.7563
11508870_4.1,PB09,0.0,0.0,94.66728183,90.4318389892578,34.808803371107,50.0843315124512,93.322,0.0,-21.0936,-68.7218
11510677_4.5,PB09,0.0,0.0,156.5463452,168.648178100586,70.6261520586574,72.7315673828125,93.322,0.0,-21.3213,-67.8184
11514195_4.7,PB18,1.0,1.0,22.86409596,72.2677841186524,287.364685433425,273.198028564453,127.726,0.0,-17.5277,-69.6855
11517516_4.3,PB06,0.0,0.0,292.5575651,289.041900634766,122.124648971096,124.700675964355,72.813,0.0,-24.0918,-67.1353
11517691_4.2,CO02,0.0,0.0,213.8400237,147.088439941406,107.4120154,112.809608459473,61.890,0.0,-31.7628,-68.8464
11517902_4.4,GO01,0.0,1.0,17.80713302,46.0395011901855,160.798574099999,100.883110046387,101.981,0.0,-19.8204,-69.1383
11520604_4.9,GO01,0.0,1.0,8.45754441,38.7690124511719,66.2371858500009,17.7643661499023,101.981,0.0,-19.6377,-69.1204
11522349_4.5,AC02,0.0,0.0,217.2286473,226.301559448242,132.446245788424,137.407913208008,166.364,0.0,-28.1491,-67.4973
11522454_4.4,PB09,0.0,0.0,174.8384999,170.310089111328,94.7042389174496,96.5370941162109,93.322,0.0,-21.9173,-67.5554
11525619_4.2,PB18,1.0,1.0,17.33311727,59.165225982666,281.975974801062,214.914169311523,127.726,0.0,-17.5569,-69.6397
11535096_4.3,PB18,1.0,1.0,109.8490447,54.8529510498047,184.574710248584,215.620025634766,127.726,0.0,-18.5788,-69.563
11536984_4.3,PB06,0.0,0.0,292.2250157,290.836547851563,127.789739115018,128.188629150391,72.813,0.0,-24.3063,-67.2971
11537957_4.8,PB09,0.0,0.0,83.27651507,86.9258804321289,119.618331090559,120.770729064941,93.322,0.0,-22.1666,-68.54
11539931_4.2,PB06,0.0,0.0,276.027091,285.04150390625,122.785261399586,126.146980285645,72.813,0.0,-24.039,-67.2907
11540900_4.5,CO01,0.0,0.0,232.7237066,235.800033569336,136.6018268,130.747100830078,121.188,0.0,-31.4918,-68.4111
11541416_4.4,PB06,0.0,0.0,306.489469,291.455352783203,122.715999261761,124.047470092773,72.813,0.0,-24.1812,-67.0342
11541449_4.3,PB06,0.0,0.0,294.7652972,288.521057128906,125.716065017688,124.57861328125,72.813,0.0,-24.242,-67.2156
11546616_4.4,GO01,0.0,0.0,181.0533123,162.98828125,81.1527524200001,67.8073883056641,101.981,0.0,-19.4089,-67.4909
11546735_4.4,GO03,0.0,0.0,98.12678767,68.5892333984375,100.492036,94.787712097168,66.152,0.0,-27.7515,-69.256
11546920_4.2,PB06,0.0,0.0,276.5358088,281.466491699219,125.700584430002,129.290496826172,72.813,0.0,-24.1475,-67.3625
11548884_4.5,PB18,0.0,1.0,32.52602451,65.8032836914063,125.602092543658,104.778114318848,127.726,0.0,-17.7604,-69.2306
11550097_5.0,PB06,1.0,1.0,41.32862791,47.3057632446289,258.799742288471,228.443237304687,72.813,0.0,-22.7778,-69.9667
11551835_5.7,PB06,0.0,0.0,138.484609,113.933456420898,100.49172853429,120.583404541016,72.813,0.0,-22.928,-68.2444
11556491_4.5,GO01,1.0,1.0,52.73258086,55.9087066650391,336.7835477,327.443786621094,101.981,0.0,-19.2306,-69.3919
11557011_4.6,CO01,0.0,0.0,201.2473419,187.630416870117,64.57612831,65.2045211791992,121.188,0.0,-29.1846,-68.2252
11557527_4.2,PB06,0.0,0.0,301.4402114,299.075347900391,118.440554648762,122.040115356445,72.813,0.0,-23.9807,-66.9674
11558442_4.7,CO01,0.0,0.0,163.4399972,187.26318359375,64.27156935,66.6888122558594,121.188,0.0,-29.3285,-68.578
11559163_4.3,PB06,0.0,0.0,293.8974436,281.525695800781,126.195280118416,125.427703857422,72.813,0.0,-24.2557,-67.2365
11561514_4.1,PB09,0.0,0.0,112.9728656,85.9680023193359,0.949575801106505,344.825836181641,93.322,0.0,-20.7762,-69.2239
11563964_4.5,CO01,0.0,0.0,252.7280637,240.802429199219,125.8733595,133.33659362793,121.188,0.0,-31.2956,-67.943
11564395_4.6,CO01,0.0,0.0,199.0395661,222.861831665039,138.4496849,150.539321899414,121.188,0.0,-31.3136,-68.7071
11565647_4.6,CO02,0.0,1.0,131.8806576,125.754974365234,113.9101269,93.9212875366211,61.890,0.0,-31.6795,-69.7288
11565691_5.3,PB06,0.0,0.0,143.2233362,124.093467712402,110.441148675277,121.354400634766,72.813,0.0,-23.1521,-68.2614
11566680_4.3,PB09,0.0,0.0,68.98312428,68.5799255371094,59.207684342855,59.3645668029785,93.322,0.0,-21.4765,-68.6701
11568882_4.3,PB06,0.0,0.0,294.2941777,300.234069824219,114.832856725727,115.009796142578,72.813,0.0,-23.8002,-66.9511
2014_01_08 04_22_11_M5_7,PB09,1.0,1.0,183.3421689,186.902297973633,308.459230471712,302.222961425781,93.322,1.0,-20.7608,-70.6205
2014_03_04 10_51_14_M5_8,GO05,1.0,1.0,154.500581,207.826934814453,358.0413958,317.004089355469,23.616,1.0,-33.6179,-71.9872
2014_03_12 17_36_14_M4_6,GO03,1.0,1.0,168.7217759,155.466888427734,220.5139344,211.466888427734,66.152,1.0,-28.7466,-71.3568
2014_03_15 09_48_46_M4_7,PB09,1.0,1.0,88.31985253,85.8905792236328,307.722648515212,300.668609619141,93.322,0.0,-21.307,-69.9152
2014_03_18 14_35_58_M5_1,GO01,1.0,1.0,180.1889488,181.57975769043,252.816165,252.236862182617,101.981,1.0,-20.1418,-70.8407
2014_03_18 14_35_58_M5_1,GO01,1.0,1.0,180.1889488,181.57975769043,252.816165,252.236862182617,101.981,1.0,-20.1418,-70.8407
2014_03_18 14_35_58_M5_1,PSGCX,1.0,1.0,96.34894146,87.0961532592773,231.142312408518,236.532791137695,8.904,1.0,-20.1418,-70.8407
2014_03_18 14_35_58_M5_1,PSGCX,1.0,1.0,96.34894146,87.0961532592773,231.142312408518,236.532791137695,8.904,1.0,-20.1418,-70.8407
2014_03_18 14_58_44_M4_4,GO01,1.0,1.0,195.3814012,184.395141601562,278.3200748,281.89013671875,101.981,1.0,-19.4037,-71.0348
2014_03_18 14_58_44_M4_4,GO01,1.0,1.0,195.3814012,184.395141601562,278.3200748,281.89013671875,101.981,1.0,-19.4037,-71.0348
2014_03_18 14_58_44_M4_4,PSGCX,1.0,1.0,98.07148208,88.9203414916992,282.465959440941,262.293548583984,8.904,1.0,-19.4037,-71.0348
2014_03_18 14_58_44_M4_4,PSGCX,1.0,1.0,98.07148208,88.9203414916992,282.465959440941,262.293548583984,8.904,1.0,-19.4037,-71.0348
2014_03_22 12_59_57_M6_2,PSGCX,1.0,1.0,89.61209082,90.6102828979492,253.70297068146,264.093811035156,8.904,1.0,-19.8225,-70.9441
2014_03_23 18_20_01_M6_2,PSGCX,1.0,1.0,70.03220977,74.5546951293945,260.236513578183,263.457916259766,8.904,1.0,-19.7033,-70.7814
2014_03_23 20_23_04_M5_3,GO01,1.0,1.0,172.9624929,170.345123291016,263.03408,267.279388427734,101.981,1.0,-19.8505,-70.8333
2014_03_24 11_40_43_M5_7,PSGCX,1.0,1.0,79.47089093,82.1165466308594,249.339651811901,254.566345214844,8.904,1.0,-19.8491,-70.833
2014_03_24 19_59_42_M4_6,PSGCX,1.0,1.0,75.15056294,65.3389739990234,273.260872087394,274.569946289062,8.904,1.0,-19.5572,-70.8381
2014_03_25 00_15_14_M5_3,PSGCX,1.0,1.0,73.53917219,65.8155746459961,256.411684722212,254.386825561523,8.904,1.0,-19.752,-70.8051
2014_03_25 02_13_43_M4_4,GO01,1.0,1.0,166.3276155,136.429946899414,274.7556215,281.636505126953,101.981,1.0,-19.537,-70.7736
2014_03_25 17_08_03_M4_7,GO03,1.0,1.0,145.815135,160.550537109375,331.1926172,333.988006591797,66.152,1.0,-26.4388,-70.9391
2014_04_02 02_52_26_M4_9,PSGCX,1.0,1.0,75.14576752,72.2720794677734,295.438459166776,285.692260742187,8.904,1.0,-19.3045,-70.7688
2014_04_02 04_19_48_M5_1,PSGCX,1.0,1.0,94.73703654,92.0401916503906,252.288696966036,252.058212280273,8.904,1.0,-19.8555,-70.9847
2014_04_02 04_46_19_M5_7,PSGCX,1.0,1.0,82.81487222,89.28369140625,229.603112549472,229.606170654297,8.904,1.0,-20.081,-70.7261
2014_04_02 07_24_29_M4_8,GO01,1.0,1.0,133.9113691,123.322059631348,246.7977558,225.419052124023,101.981,1.0,-20.1412,-70.3714
2014_04_03 02_56_04_M5_5,PATCX,1.0,1.0,46.45842903,50.9909591674805,284.596957043069,287.016693115234,3.527,1.0,-20.7144,-70.5845
2014_04_03 05_26_13_M6_5,PB09,1.0,1.0,177.795858,182.889587402344,310.460139939441,306.323211669922,93.322,1.0,-20.7493,-70.5408
2014_04_03 05_34_29_M5_0,GO01,1.0,1.0,174.9996233,182.425262451172,240.3481362,231.795608520508,101.981,1.0,-20.4446,-70.6516
2014_04_03 06_54_31_M5_0,GO01,1.0,1.0,186.5358434,182.476989746094,234.6948743,236.033187866211,101.981,1.0,-20.6363,-70.6548
2014_04_03 11_50_45_M4_6,GO01,1.0,1.0,169.0747938,161.722534179688,230.6999405,243.101104736328,101.981,1.0,-20.6314,-70.4495
2014_04_03 12_34_45_M4_4,GO01,1.0,1.0,198.1513614,166.769287109375,236.4595587,244.529220581055,101.981,1.0,-20.6504,-70.779
2014_04_03 13_01_37_M4_7,PSGCX,1.0,1.0,91.6335499,84.9064636230469,242.01921668778,246.463821411133,8.904,1.0,-19.9839,-70.8963
2014_04_05 05_28_56_M4_7,GO01,1.0,1.0,191.5000014,181.923477172852,236.3122812,240.282348632812,101.981,1.0,-20.6214,-70.7229
2014_04_05 06_32_08_M4_8,GO01,1.0,1.0,181.3178002,179.106979370117,256.0984984,265.633178710937,101.981,1.0,-20.0541,-70.8767
2014_04_05 11_58_25_M4_6,PATCX,1.0,1.0,93.33775097,91.9189376831055,305.692149933646,294.713775634766,3.527,1.0,-20.3273,-70.8788
2014_04_09 11_14_46_M5_2,GO01,1.0,1.0,191.4374307,205.398254394531,238.1612086,242.76496887207,101.981,1.0,-20.5739,-70.754
2014_04_10 00_10_32_M4_7,PATCX,1.0,1.0,91.28992063,86.4034042358398,305.594110868039,295.378967285156,3.527,1.0,-20.3393,-70.8638
2014_04_15 16_21_17_M5_1,PSGCX,1.0,1.0,92.12014622,91.8126983642578,224.239856008963,238.072372436523,8.904,1.0,-20.1923,-70.738
2014_04_20 07_54_56_M5_0,GO01,1.0,1.0,190.6368691,181.049224853516,262.0571137,267.911102294922,101.981,1.0,-19.8974,-70.9973
2014_04_24 04_56_50_M4_8,PSGCX,1.0,1.0,91.99311679,85.4111099243164,231.629852661992,245.756454467773,8.904,1.0,-20.1117,-70.8128
2014_05_05 09_02_55_M4_9,GO01,1.0,1.0,193.607593,182.038619995117,282.4088273,274.285247802734,101.981,1.0,-19.2837,-70.9931
2014_05_17 17_55_47_M4_2,CO02,1.0,1.0,87.69737559,109.356101989746,195.0695696,179.650726318359,61.890,0.0,-31.9672,-71.2415
2014_05_27 17_38_35_M4_2,CO02,1.0,1.0,127.6435737,115.786056518555,276.595756,285.463745117187,61.890,1.0,-31.0646,-72.3289
2014_05_28 10_27_03_M4_5,CO02,1.0,1.0,137.6419818,145.165771484375,212.2138045,209.357620239258,61.890,1.0,-32.2516,-71.7789
2014_06_04 17_04_26_M5_1,GO01,1.0,1.0,201.1105428,196.012649536133,236.4803744,240.054443359375,101.981,1.0,-20.6644,-70.8032
2014_06_04 17_04_26_M5_1,GO01,1.0,1.0,201.1105428,196.012649536133,236.4803744,240.054443359375,101.981,1.0,-20.6644,-70.8032
2014_06_04 17_04_26_M5_1,TA01,1.0,1.0,65.80153428,73.9895935058594,260.3216648,284.826141357422,1.311,1.0,-20.6644,-70.8032
2014_06_04 17_04_26_M5_1,TA01,1.0,1.0,65.80153428,73.9895935058594,260.3216648,284.826141357422,1.311,1.0,-20.6644,-70.8032
2014_06_07 19_10_58_M4_8,PSGCX,1.0,1.0,118.2908713,98.4155883789063,255.982760019864,259.956207275391,8.904,1.0,-19.8527,-71.2188
2014_06_12 12_28_54_M4_8,CO02,1.0,1.0,60.61630464,73.5663604736328,349.1372196,324.472045898437,61.890,0.0,-30.6667,-71.1195
2014_06_16 23_19_54_M4_2,GO03,1.0,1.0,104.9600554,81.2426834106445,233.3367282,214.524749755859,66.152,1.0,-28.1566,-71.0919
2014_06_19 19_59_45_M5_3,PSGCX,1.0,1.0,81.20341844,64.4943313598633,250.515471420152,258.510925292969,8.904,1.0,-19.8404,-70.8539
2014_06_20 20_22_27_M5_8,PSGCX,1.0,1.0,90.7340175,92.9308624267578,257.631253477609,258.827941894531,8.904,1.0,-19.7708,-70.9688
2014_07_01 01_17_34_M4_2,GO01,1.0,1.0,142.303776,137.028625488281,230.0228178,226.291320800781,101.981,1.0,-20.4913,-70.2395
2014_07_13 20_54_14_M5_6,GO01,1.0,1.0,137.2537391,140.618408203125,241.3881014,252.990921020508,101.981,1.0,-20.2585,-70.3475
2014_07_26 07_31_44_M5_0,CO02,1.0,1.0,154.418006,155.181762695313,307.3995895,308.293182373047,61.890,1.0,-30.3514,-72.2762
2014_08_06 23_44_07_M4_3,CO02,1.0,1.0,53.51024,100.412414550781,229.4254554,243.660171508789,61.890,0.0,-31.5169,-71.4282
2014_09_25 19_04_05_M4_5,CO02,1.0,1.0,73.65958339,66.0892105102539,235.4059319,236.420333862305,61.890,1.0,-31.5793,-71.6391
2014_10_26 02_52_53_M4_7,GO01,1.0,1.0,178.5961154,166.1259765625,236.8166339,238.325912475586,101.981,1.0,-20.5457,-70.6275
2015_01_14 21_57_48_M4_2,PB06,1.0,1.0,83.85064115,94.4319000244141,292.916982143083,294.675109863281,72.813,1.0,-22.4092,-70.322
2015_04_26 17_54_30_M4_7,CO02,1.0,1.0,153.061933,153.340118408203,220.2242439,222.708892822266,61.890,1.0,-32.2534,-72.0492
2015_06_07 03_09_27_M4_5,GO03,1.0,1.0,153.1997621,155.925796508789,241.3901679,230.01123046875,66.152,1.0,-28.2489,-71.6052
2015_07_22 00_04_16_M4_3,CO02,1.0,1.0,137.8956199,152.947662353516,218.5336344,220.428314208984,61.890,1.0,-32.1733,-71.9111
2015_07_25 00_50_06_M4_5,GO03,1.0,1.0,91.2752368,91.1124877929688,315.6282813,318.549530029297,66.152,1.0,-27.0034,-70.8778
2015_08_12 00_14_39_M5_5,CO02,1.0,1.0,75.35891428,88.6999206542969,222.670875,235.710372924805,61.890,1.0,-31.7023,-71.5391
2015_09_17 03_12_42_M5_2,CO03,1.0,1.0,55.74038455,61.5873222351074,260.3386301,262.933959960937,96.002,0.0,-30.922,-71.264
2015_09_17 16_08_35_M5_3,CO03,1.0,1.0,68.43034157,66.565185546875,264.9192615,278.884552001953,96.002,0.0,-30.8916,-71.402
2015_09_17 16_46_21_M4_8,CO03,1.0,1.0,131.7708957,146.878814697266,237.777871800001,246.282104492187,96.002,1.0,-31.4673,-71.8621
2015_09_19 06_27_11_M4_6,GO03,1.0,1.0,193.0958693,197.120727539063,225.2794312,224.075607299805,66.152,1.0,-28.8126,-71.6402
2015_09_23 23_52_33_M4_2,CO02,1.0,1.0,136.6027371,140.157531738281,241.6694394,238.037460327148,61.890,1.0,-31.7821,-72.2698
2015_09_24 07_56_10_M4_5,CO02,1.0,1.0,177.4100077,195.124908447266,297.137054,297.579437255859,61.890,1.0,-30.4633,-72.6443
2015_09_24 08_54_04_M4_4,CO02,1.0,1.0,134.7811868,144.377136230469,237.7951944,234.984725952148,61.890,1.0,-31.8459,-72.2052
2015_09_24 13_35_54_M4_7,CO02,1.0,1.0,76.67970858,76.6023254394531,232.3030815,220.358444213867,61.890,1.0,-31.625,-71.6398
2015_09_24 16_13_25_M5_2,CO02,1.0,1.0,63.62643935,69.2495956420899,325.498718299999,321.794860839844,61.890,0.0,-30.7302,-71.3766
2015_09_24 18_20_30_M4_5,CO02,1.0,1.0,67.31399531,56.4290351867676,300.2171274,292.360473632812,61.890,1.0,-30.8967,-71.6087
2015_09_25 02_59_47_M4_4,CO02,1.0,1.0,171.2206464,207.900146484375,224.1417386,229.694107055664,61.890,1.0,-32.3056,-72.2664
2015_09_26 02_51_18_M6_3,CO02,1.0,1.0,52.92535837,63.6334571838379,324.4725865,315.738708496094,61.890,0.0,-30.8148,-71.3217
2015_09_26 03_47_11_M4_2,CO02,1.0,1.0,61.31382315,60.0073089599609,323.0786845,318.457977294922,61.890,0.0,-30.761,-71.385
2015_09_26 06_16_31_M4_2,CO02,1.0,1.0,125.4638059,132.187652587891,236.4456228,234.790237426758,61.890,1.0,-31.8244,-72.1047
2015_09_27 21_04_45_M5_4,CO02,1.0,1.0,84.25466686,80.1045913696289,232.0601849,237.639465332031,61.890,1.0,-31.669,-71.701
2015_09_28 04_16_09_M4_1,CO02,1.0,1.0,57.40794273,53.4839096069336,250.6263234,296.536224365234,61.890,1.0,-31.3742,-71.5696
2015_09_29 16_46_15_M4_4,CO02,1.0,1.0,106.4408284,123.155059814453,249.386805,260.316040039062,61.890,1.0,-31.5374,-72.0494
2015_09_30 01_06_59_M4_2,CO02,1.0,1.0,75.48599717,75.062370300293,243.7916473,243.399719238281,61.890,1.0,-31.5024,-71.7132
2015_11_27 21_00_22_M6_2,PB10,1.0,1.0,145.6835822,140.705413818359,181.860261493805,195.166381835938,2.483,1.0,-24.828,-70.6009
2016_02_10 00_33_05_M6_3,GO04,1.0,1.0,87.45805154,103.353004455566,239.3700339,267.223846435547,57.291,1.0,-30.5723,-71.5838
2016_02_10 13_15_01_M4_4,CO02,1.0,1.0,103.6219839,94.1027069091797,310.3437183,310.666900634766,61.890,1.0,-30.596,-71.8238
2016_02_25 11_27_54_M4_7,CO02,1.0,1.0,65.18252077,65.2746276855469,315.287987099999,313.55908203125,61.890,0.0,-30.785,-71.4794
2016_02_25 11_49_13_M4_3,CO03,1.0,1.0,96.79398449,69.1754760742188,273.9848876,269.143981933594,96.002,1.0,-30.7743,-71.6978
2016_03_14 10_26_19_M4_6,CO02,1.0,1.0,138.9510895,139.673278808594,213.558041,222.63264465332,61.890,1.0,-32.2454,-71.8153
2016_03_20 22_30_22_M4_3,CO02,1.0,1.0,65.34464508,63.4651679992676,209.6741895,210.851440429687,61.890,0.0,-31.7153,-71.3416
2016_03_20 23_23_10_M4_5,CO02,1.0,1.0,78.79398484,76.216064453125,249.4686397,243.109924316406,61.890,1.0,-31.4506,-71.7766
2016_04_06 17_35_38_M5_3,CO02,1.0,1.0,80.68923084,74.8345489501953,247.211270000001,255.883117675781,61.890,1.0,-31.4832,-71.7832
2016_05_19 19_25_52_M4_4,CO02,1.0,1.0,127.1748794,134.991165161133,236.1054869,243.276275634766,61.890,1.0,-31.8385,-72.1155
2016_05_30 12_41_55_M4_7,CO02,1.0,1.0,64.89475265,69.8406219482422,219.9248003,213.15510559082,61.890,1.0,-31.6518,-71.4394
2016_06_17 03_48_38_M4_5,CO02,1.0,1.0,138.3580336,140.978942871094,336.0644401,328.529052734375,61.890,1.0,-30.0617,-71.5824
2016_06_17 06_38_25_M4_8,CO02,1.0,1.0,94.12662521,92.7810668945313,309.5387717,296.965576171875,61.890,1.0,-30.661,-71.7577
2016_06_22 09_58_38_M4_1,CO02,1.0,1.0,120.753067,120.18083190918,269.3613337,273.414642333984,61.890,1.0,-31.2096,-72.2674
2016_06_25 00_47_28_M4_4,CO02,1.0,1.0,63.94836589,65.5925979614258,234.8829565,242.745635986328,61.890,1.0,-31.5343,-71.5511
2016_07_22 19_45_46_M4_2,CO02,1.0,1.0,89.71663961,90.5357284545898,308.9345285,317.712799072266,61.890,1.0,-30.6931,-71.7287
2016_07_30 09_38_40_M4_2,CO02,1.0,1.0,120.8637602,116.167747497559,306.4840475,290.841064453125,61.890,1.0,-30.5515,-72.0131
2016_08_10 17_37_07_M4_6,CO02,1.0,1.0,63.82164998,64.7402725219727,322.396167600001,315.95263671875,61.890,0.0,-30.747,-71.407
2016_08_19 12_06_45_M4_4,PB09,1.0,1.0,139.1555604,143.444519042969,304.827708188942,328.8427734375,93.322,1.0,-21.075,-70.3411
2016_08_21 07_43_22_M4_1,PB06,0.0,1.0,38.33283848,74.5420684814453,166.24682052285,232.656646728516,72.813,0.0,-23.042,-69.483
2016_09_13 10_14_16_M4_2,CO02,1.0,1.0,62.10219822,74.2807159423828,336.9571041,325.597106933594,61.890,0.0,-30.688,-71.254
2016_09_21 22_04_50_M4_7,CO02,0.0,0.0,70.22546008,69.1006622314453,150.2940958,126.58740234375,61.890,0.0,-31.7533,-70.633
2016_10_01 11_25_11_M4_6,CO02,1.0,1.0,117.971028,136.514587402344,214.5548781,228.441848754883,61.890,1.0,-32.078,-71.709
2016_10_12 01_59_21_M4_9,CO02,1.0,1.0,75.19127296,73.5560150146484,318.0160079,316.557647705078,61.890,0.0,-30.6985,-71.5253
2016_11_30 16_34_37_M4_7,GO03,1.0,1.0,123.5489534,119.205276489258,298.5452459,293.934600830078,66.152,1.0,-27.0566,-71.3287
2016_12_02 03_49_57_M4_6,CO02,1.0,1.0,59.97795241,57.4113388061523,300.536885699999,309.816528320312,61.890,1.0,-30.9277,-71.5408
2017_01_05 16_29_09_M4_1,PB06,1.0,1.0,129.6215348,121.082038879395,287.475782147086,287.191680908203,72.813,1.0,-22.3498,-70.7722
2017_01_08 00_33_47_M4_8,CO05,1.0,1.0,99.64655572,78.0585556030273,254.336339260058,246.495681762695,3.753,1.0,-30.1575,-72.2344
2017_01_13 13_43_04_M4_4,CO02,1.0,1.0,58.76815228,63.6220092773438,332.9770949,321.865905761719,61.890,0.0,-30.7312,-71.2791
2017_01_21 17_03_55_M4_5,CO02,1.0,1.0,73.08836553,74.9423294067383,324.266274999999,328.934661865234,61.890,0.0,-30.6678,-71.4457
2017_02_12 16_21_10_M4_9,GO03,1.0,1.0,116.5605081,125.641738891602,254.5059393,257.416076660156,66.152,1.0,-27.87,-71.3753
2017_03_13 15_05_55_M5_1,CO02,1.0,1.0,93.63268014,95.6051406860352,335.7572521,325.198394775391,61.890,0.0,-30.433,-71.4005
2017_03_17 08_02_56_M4_8,CO02,1.0,1.0,154.1720903,156.231338500977,206.4210101,215.581268310547,61.890,1.0,-32.4468,-71.7298
2017_03_20 00_39_22_M4_3,GO03,1.0,1.0,155.763414,157.414886474609,213.1733576,177.686889648438,66.152,0.0,-28.7674,-71.1074
2017_06_26 14_44_51_M5_1,CO02,1.0,1.0,69.10265861,68.1226501464844,329.854903700001,323.506103515625,61.890,0.0,-30.6642,-71.3624
2017_08_12 12_54_13_M5_8,CO02,1.0,1.0,154.0577862,165.565017700195,313.4838392,305.978149414062,61.890,1.0,-30.2422,-72.1616
2017_08_12 12_54_13_M5_8,CO02,1.0,1.0,154.0577862,165.565017700195,313.4838392,305.978149414062,61.890,1.0,-30.2422,-72.1616
2017_08_12 12_54_13_M5_8,CO05,1.0,1.0,95.96075776,81.8518142700195,247.815345518125,242.391235351562,3.753,1.0,-30.2422,-72.1616
2017_08_12 12_54_13_M5_8,CO05,1.0,1.0,95.96075776,81.8518142700195,247.815345518125,242.391235351562,3.753,1.0,-30.2422,-72.1616
2017_09_18 13_46_57_M5_9,CO02,1.0,1.0,124.3959153,126.752593994141,236.643697,244.974151611328,61.890,1.0,-31.8159,-72.0977
2017_11_20 17_05_28_M4_1,CO02,1.0,1.0,117.5346654,121.561531066895,330.1777752,325.354614257812,61.890,1.0,-30.2825,-71.6078
2017_12_03 14_21_41_M4_4,CO02,1.0,1.0,151.5657663,155.052307128906,216.7250883,223.456649780273,61.890,1.0,-32.2957,-71.9625
2018_01_13 16_47_53_M4_4,GO03,1.0,1.0,203.5064129,176.536361694336,232.4314773,226.916091918945,66.152,1.0,-28.7035,-71.8854
2018_02_04 11_18_48_M4_4,GO03,1.0,1.0,136.774821,124.070358276367,299.1792729,295.552154541016,66.152,1.0,-26.9867,-71.4377
2018_04_02 22_37_12_M4_4,CO02,1.0,1.0,83.00045683,85.0490188598633,234.5686199,237.436645507813,61.890,1.0,-31.6357,-71.7132
2018_04_26 05_32_49_M4_7,CO02,1.0,1.0,68.77627706,70.9507675170898,334.894946799999,324.280059814453,61.890,0.0,-30.6416,-71.3047
2018_06_21 06_17_25_M4_3,PB09,1.0,1.0,89.45494104,84.4328765869141,303.827547012853,304.061828613281,93.322,1.0,-21.3451,-69.9583
2018_06_29 22_17_35_M4_3,CO06,0.0,1.0,27.04383167,19.2783050537109,87.9370808200575,155.365158081055,6.446,0.0,-30.6647,-71.353
2018_07_30 10_21_37_M4_9,GO03,1.0,1.0,139.3336807,147.226837158203,269.568287,274.459686279297,66.152,1.0,-27.596,-71.646
2018_08_18 01_40_48_M4_3,CO02,1.0,1.0,131.6083744,136.828735351563,209.7907251,225.191650390625,61.890,1.0,-32.2319,-71.694
2018_08_20 06_55_47_M4_2,CO02,1.0,1.0,72.89116813,85.9139633178711,295.5504512,299.327484130859,61.890,1.0,-30.9183,-71.6883
2019_04_07 14_57_35_M4_5,CO02,1.0,1.0,120.7715628,107.932220458984,223.2403371,216.990509033203,61.890,1.0,-31.9942,-71.8758
2019_04_08 06_39_42_M4_2,CO02,1.0,1.0,115.3413624,111.679420471191,218.5924613,221.567565917969,61.890,1.0,-32.0145,-71.7618
2019_04_20 00_00_05_M4_1,CO02,1.0,1.0,115.5901939,111.517585754395,222.4717776,230.67448425293,61.890,1.0,-31.97,-71.826
2019_06_29 04_57_03_M4_5,CO02,1.0,1.0,116.6096029,120.676391601563,343.3324609,333.122619628906,61.890,1.0,-30.1956,-71.3476
2019_07_13 01_02_23_M4_5,CO02,1.0,1.0,63.95970521,56.5092277526856,310.5570019,301.191986083984,61.890,0.0,-30.8276,-71.5082
2019_11_26 09_31_45_M5_1,GO03,1.0,1.0,167.9892577,165.150421142578,234.8969999,223.073654174805,66.152,1.0,-28.4583,-71.6379
2019_12_26 09_28_57_M4_3,PB09,1.0,1.0,152.0985475,153.941650390625,300.822583421441,304.004241943359,93.322,1.0,-21.0878,-70.4989
2020_01_09 16_25_56_M4_1,GO01,1.0,1.0,203.403803,198.395812988281,266.3662664,276.190246582031,101.981,1.0,-19.7745,-71.1313
2020_01_12 11_20_30_M4_6,PB09,1.0,1.0,136.3384799,133.105621337891,322.107663982315,327.875518798828,93.322,1.0,-20.8227,-70.0463
2020_01_28 05_09_55_M4_3,CO02,1.0,1.0,77.12279024,73.8120269775391,217.8985273,219.645736694336,61.890,1.0,-31.7516,-71.5003
2020_04_05 16_29_34_M4_6,GO01,1.0,1.0,109.1840969,117.950080871582,241.9904794,242.530715942383,101.981,1.0,-20.1293,-70.1161
2020_04_22 15_51_30_M4_2,CO02,1.0,1.0,106.0122617,107.84651184082,331.0196871,326.873077392578,61.890,1.0,-30.3661,-71.5346
2020_04_26 22_42_28_M4_3,CO02,1.0,1.0,66.08711442,68.8039703369141,207.5184777,272.067443847656,61.890,0.0,-31.7319,-71.3225
2020_05_01 14_30_48_M4_2,CO02,1.0,1.0,75.79217125,68.1506958007813,326.9449014,327.848297119141,61.890,0.0,-30.63,-71.4315
2020_05_11 06_15_47_M4_5,PB09,1.0,1.0,140.2731388,144.876098632813,303.502743405689,312.769012451172,93.322,1.0,-21.0933,-70.3676
2020_06_03 16_09_17_M4_1,PB06,1.0,1.0,100.860928,109.376426696777,245.125069048106,250.369216918945,72.813,1.0,-23.0864,-70.465
2020_06_25 11_55_00_M5_2,CO02,1.0,1.0,138.1612459,140.131332397461,216.0366812,216.449096679687,61.890,1.0,-32.2084,-71.8624
2020_07_07 03_50_36_M4_1,GO01,1.0,1.0,161.5703619,153.57063293457,233.8329387,236.697769165039,101.981,1.0,-20.5254,-70.4448
2020_08_16 03_18_50_M5_2,GO01,1.0,1.0,126.0337191,132.078567504883,291.7375158,286.073150634766,101.981,1.0,-19.2434,-70.3077
2020_09_01 10_31_52_M5_7,AC04,1.0,1.0,49.02393221,44.7097854614258,319.0288523463,310.580139160156,8.3571,1.0,-27.8702,-71.4003
2020_09_11 08_25_07_M4_5,PB09,1.0,1.0,83.47714345,77.8012313842774,299.140063312578,305.351104736328,93.322,1.0,-21.4278,-69.9452
2020_09_16 06_30_14_M4_3,CO02,1.0,1.0,90.16214589,83.263801574707,249.6733942,236.412536621094,61.890,1.0,-31.4831,-71.8901
2020_09_20 20_11_56_M4_4,GO03,1.0,1.0,149.2095539,149.787948608398,229.326842,202.353317260742,66.152,1.0,-28.4664,-71.3902
2020_10_17 03_53_05_M4_2,PB06,1.0,1.0,81.77804312,88.2779388427734,281.189428381664,283.371917724609,72.813,1.0,-22.5606,-70.3519
2020_10_18 16_54_06_M4_9,GO03,1.0,1.0,71.7699666,61.4632720947266,296.4594054,299.709136962891,66.152,1.0,-27.3036,-70.8838
2020_10_25 21_17_14_M5_3,GO01,1.0,1.0,189.1342224,189.045135498047,258.4167174,262.881683349609,101.981,1.0,-20.0028,-70.9648
2020_10_25 21_17_14_M5_3,GO01,1.0,1.0,189.1342224,189.045135498047,258.4167174,262.881683349609,101.981,1.0,-20.0028,-70.9648
2020_10_25 21_17_14_M5_3,TA02,1.0,1.0,92.06850665,111.67733001709,288.6334329,291.502990722656,0.084,1.0,-20.0028,-70.9648
2020_10_25 21_17_14_M5_3,TA02,1.0,1.0,92.06850665,111.67733001709,288.6334329,291.502990722656,0.084,1.0,-20.0028,-70.9648
2020_10_28 14_53_10_M5_8,CO01,1.0,0.0,130.0580905,191.055465698242,303.22765,300.483642578125,121.188,1.0,-29.3296,-71.214
2020_11_04 23_49_08_M4_2,PB06,1.0,1.0,78.50651447,78.1135101318359,248.033070258217,284.845031738281,72.813,1.0,-22.9694,-70.2819
2021_02_23 06_18_51_M4_6,CO02,1.0,1.0,77.68028099,75.5631866455078,220.6421004,223.740737915039,61.890,1.0,-31.7342,-71.5342
2021_03_14 10_33_53_M4_3,CO02,1.0,1.0,106.1009021,106.319007873535,301.1269337,296.293792724609,61.890,1.0,-30.7055,-71.9484
2021_04_02 23_57_42_M4_4,CO02,1.0,1.0,81.07649599,78.6170196533203,211.9131525,213.230529785156,61.890,1.0,-31.8236,-71.453
,,,,,,,,,,,
